帳號名稱,來KU通RO😎阿玲
時區,'+09:00
下載時間,2026/10/01 15:23
傳送者類型,傳送者名稱,傳送日期,傳送時間,內容
Account,自動回應訊息,2026/04/28,05:20:15,"古緁鈴哩賀！我是通靈王練習生阿玲。
感謝您加入成為通靈王阿玲的好友😀
目前都還是練習生階段
完全不收費用，所以請勿嚴格對我考試
因為我沒欠你什麼😘
請相信""寵物溝通""再來預約
以免浪費彼此時間😍

第一件事情請去LINE VOOM
看置頂貼文注意事項再來預約~

我會公佈每個月可以預約的時段在IG及Line voom貼文
歡迎追蹤哭摟😎
kuro_mixpuppy"
User,古緁鈴,2026/04/28,05:21:54,已看完去LINE VOOM看完置頂貼文注意事項，想預約的是倉鼠🐹
Account,孫婉玲玲✏️,2026/04/28,11:48:15,"你好~
這個周末我會整理5月可以預約的時間,
因為畢竟還是社畜哈哈
會再公布在IG限時和官方LINE VOOM
到時選好1-3個可以的時間
在官方賴回覆我唷
我會跟您說是否預約成功哪個時間~
目前以一戶一個小朋友為主!
這樣大家都有機會~"
