3	Stitch	515	524	貓咪比媽媽還怕麻煩別人	家長提議讓 Stitch 去熟悉的朋友家度假；溝通轉述強調媽媽有空就一起待著，家長也補充朋友會主動邀約。	這隻貓，居然比媽媽還怕麻煩別人。～媽媽問，要不要去喜歡的姐姐家度假？～我當時轉述的是：「媽媽在，就跟媽媽一起啊，不要麻煩別人。」～媽媽還補充，人家會主動邀牠去！～我聽著都想說，這位房客也太客氣。喜歡朋友，不一定每次都想住下。～你家是愛作客，還是愛待家？
7	索妮亞 Sonia	374	383	刺蝟的理想行程	家長問是否喜歡到客廳探索，提到牠仍往暗處走；轉述偏好窩在媽媽身上，對陌生氣味與光線感到緊張。	媽媽想帶刺蝟逛客廳，牠的行程卻很簡單。～那次家長說，放牠出來，牠還是往暗處走。～我當時轉述的是：「我喜歡暗暗的，窩在媽媽身上就好。」～人類安排一日遊，牠只想訂媽媽這間房。～我們想分享世界，也可以先看看牠喜歡的步調。～你家也有宅宅小朋友嗎？
8	花與毛毛	251	260	當哥哥會多吃一點嗎	轉述花覺得毛毛想當哥哥，家長說實際長幼不清楚；腳本保留不知道年紀，不宣稱誰較大。	家裡叫誰哥哥，可能連貓都有意見。～那次我轉述花覺得毛毛一直要當哥哥。～家長說，他們平常真的這樣叫，但也不確定誰比較大。～接著我轉述一句：「當哥哥有什麼好，又不會多吃一點。」～好，輩分問題突然變待遇問題。稱呼之外，也看看各自的需要。～你家名字跟個性搭嗎？
8	毛毛	287	300	摸貓還要顧髮型	對話轉述毛毛不喜歡被反覆搓亂毛，要順著摸；家長以王子和庶民回應，並補充牠不給摸肚子。	有些貓給你摸，還附髮型管理規定。～那次聊到摸摸，我轉述牠的意思是：「不要來回搓，我的毛會亂。」～「這樣又要花時間變帥回去。」～媽媽直接回，好的王子，庶民收到！～我彷彿在聽髮廊客訴。親近牠，也記得留意牠喜歡怎麼被碰。～你家有指定手法嗎？
11	哈魯	256	266	玩累的原來是家長	家長說有陪玩但哈魯不會累，累的是自己；溝通轉述則表達遇見姐姐很開心。	陪貓玩最累的，可能真的不是貓。～那次姐姐問，牠跟自己住得開心嗎？～聊到陪玩，她說：「有跟牠玩，但牠不會累。累的是我。」～我當時轉述的，卻是牠很開心遇到姐姐。～一邊擔心陪得不夠，一邊已經快沒電。也給努力的自己一點肯定吧。～你家誰先喊暫停？
12	娜娜	283	299	感動中突然聞到鹹酥雞	照護情境的對話中，轉述娜娜注意到房間香味；阿玲確認老公買了鹹酥雞。此篇不使用病況或家長眼淚作笑點。	那次聊天，最突然的插曲是一袋鹹酥雞。～原本我和家長在聊很牽掛的事情。～聊著聊著，我轉述娜娜的感受：「你家很香。」～我一回頭，原來老公買了鹹酥雞。～再認真的聊天，也會穿插這種生活小事。讓我記住的，不只有擔心，也有牠日常可愛的樣子。～你最記得毛孩哪個小習慣？
13	球球	117	126	最喜歡誰不能只看一個動作	轉述球球最喜歡媽媽，家長提出爸爸下班後牠會窩在爸爸身上；保留這個不完全一致的觀察，不下定論。	問毛孩最愛誰，很容易變成家庭辯論。～那次我轉述球球最喜歡媽媽。～媽媽卻說：「可是爸爸下班，牠都窩在爸爸身上。」～欸，這題怎麼突然需要交叉比對？～不同人的陪伴方式不同，一個動作也不必急著排出名次。～你家有人偷偷在計分嗎？
15	尼莫	504	515	連摸貓都用問句的人	家長確認男友對貓溫柔，會幫忙刷毛；對話呈現他摸抱前會先問，並非斷言這是所有貓偏好的方式。	有一種人，連摸貓都像在約會。～那次聊天，我描述男友會輕聲問：「可以摸摸嗎？可以抱一下嗎？」～家長說，對，他還會幫牠刷毛。～我聽完只想說，這個服務態度可以給五星。～想靠近毛孩，先留一點讓牠選擇的空間。～你家誰最會溫柔講話？
16	威風	140	150	大家喜歡我的證據	威風的轉述說大家喜歡牠，家長追問怎麼知道；轉述回應人類常稱讚帥和可愛，並釐清說的是人不是其他狗。	這隻狗的自信，是家長每天親手養出來的。～那次我轉述，牠覺得大家都喜歡自己。～媽媽問：「牠怎麼知道？」～我轉述的回答是：「大家都說我可愛，還說我帥啊！」～欸，證據居然都是你們提供的。稱讚每天講，自己都忘了講過多少。～你最常誇毛孩哪一句？
18	陳豆豆	354	366	媽媽這項要求做不到	兔兔豆豆的轉述問媽媽能否不要那麼愛牠，家長連續回覆沒辦法、做不到、一天比一天更愛；不推論兔子的實際心理。	這次溝通，有一項要求，媽媽當場說做不到。～我轉述兔兔豆豆的意思：「叫媽媽不要那麼愛我，她做得到嗎？」～媽媽秒回：「沒辦法。做不到。一天比一天更愛。」～好，這題連討論空間都沒有。～愛可以很多，互動時也看看牠需不需要休息。～你也會每天愛到滿出來嗎？
19	阿橘	75	84	出門上班被理解成打獵	轉述阿橘疑惑小媽媽少回家是否出去打獵，家長說因工作住外面，也確實在賺罐罐錢。	人類叫上班，這次貓咪版本叫打獵。～那次我轉述阿橘的疑問：「小媽媽怎麼不常回來，是我吃太多，要出去打獵嗎？」～家長說，自己確實因為工作住外面，也在賺罐罐錢。～突然覺得我的上班族身分很原始。～生活有變化，也別忘了安排熟悉的陪伴。～你每天出門都怎麼跟牠說？
20	Skippy	444	457	到底是誰陪誰玩	轉述毛孩喜歡與家長一起跑，另一位長髮媽媽會制止；家長補充對方會說像神經病，自己笑說偏要。	家裡有人陪毛孩玩，也有人負責問你們在幹嘛。～那次聊到一起跑跑，我轉述牠很開心。～另一位媽媽卻常叫他們不要這樣。～家長還笑說，對方覺得他們像瘋子，他們偏要。～我像在聽同一屋簷下的兩種作息。一起玩，也記得顧到旁邊的人。～你家誰負責踩煞車？
22	大谷	267	279	賣玩具這句話要說清楚	轉述誤以為家長要賣掉牠的玩具；家長吐槽舊玩具都破爛，接著釐清是賣牠喜歡的那類玩具。	「媽媽要賣玩具」，這句話真的要講清楚。～那次聊天，我轉述小狗以為自己的玩具要被賣掉。～家長笑說：「都咬得破破爛爛，要賣給誰？」～原來是賣牠喜歡的那類玩具。～我聽著像家庭財產保衛戰。少講幾個字，意思就可能差很多。～你也有講到對方誤會的時候嗎？
25	黑糖	317	340	小狗不接受臨時加任務	原對話黑糖對先前談定的事情強調不要偷偷加任務，家長認同很精明。腳本不帶入未查明的具體條件。	這隻狗，談完事情還會防止你追加工作。～那次聊天，前面才說好，後面又聊到新的要求。～我當時轉述的是：「剛剛已經說好了，你們不要偷加任務。」～媽媽也笑說，還挺精明。～我怎麼像在主持專案會議？溝通一次，別期待所有願望都要同時完成。～這句話你也想對誰說？
26	茶米	633	646	全家出遊有人只想待陰影	茶米的轉述希望妈妈一起玩而非待陰影，家長確認怕曬並說容易累；不評斷家長的體能或膚色。	一起出去玩，有人玩的是尋找陰影。～那次我轉述茶米希望媽媽一起玩，不要一直待在陰影裡。～媽媽笑說，自己怕曬，也很容易累。～我突然懂了，同一趟旅行，兩個人的景點清單不一樣。～一起出門，也替彼此留休息時間。～你家出遊，誰最先找到椅子？
28	胖丁	161	175	媽媽愛梳毛可以梳自己	家長說梳毛是為處理浮毛、變好看；轉述胖丁覺得自己已很好看，建議媽媽梳自己的頭髮。	媽媽想幫貓變漂亮，貓咪版本卻完全不同。～那次聊梳毛，媽媽說是在幫牠變好看。～我當時轉述的是：「媽媽那麼喜歡梳，可以梳自己的頭髮。」～還補一句：「我已經超好看了。」～這位客人對造型師很有意見。照顧的用心，也要搭配牠能接受的方式。～你家梳毛好商量嗎？
29	吉吉	350	359	有一種愛不太會說甜話	吉吉的轉述重視行動，家長回應很帥；涉及同住狗離世的背景不作笑點，聚焦陪伴。	這次聊天，貓咪的戀愛觀比我還務實。～我當時轉述吉吉的意思：「不要只看別人說多喜歡你，要看他做了什麼。」～家長聽完說，牠講話好帥。～我本來在聊天，怎麼像旁聽感情講座？～少一點甜話，也可能有很多安靜的陪伴。～你家毛孩都用什麼小動作陪你？
30	盧卡	52	60	家裡的粉絲關係	阿玲自稱盧卡粉絲並解釋意思，轉述盧卡是媽媽的粉絲、爸爸是牠的粉絲；媽媽笑說地位正確。	這個家的粉絲關係，分得非常清楚。～那次我跟盧卡說，我是你的粉絲，就是很喜歡你的人。～我當時轉述牠的回答：「那我是媽媽的粉絲，爸爸是我的粉絲。」～媽媽說，地位正確！～爸爸怎麼突然變應援團？這是可愛的聊天片段，不用真的替愛排名。～你是誰的頭號粉絲？
31	味噌	119	133	陪玩還是上課	媽媽說每天陪玩，轉述味噌覺得玩時規矩多；家長補充自己會提醒不要咬衣服。保留安全界線，不將咬傷當愛的證明。	你以為在陪貓玩，牠的版本可能是在上課。～那次媽媽說，每天都有陪玩。～我轉述味噌的抱怨：「一下不要這樣，一下不要那樣，是玩還是上課？」～媽媽想起來，自己會提醒別咬衣服。～原來遊戲也有班規！好玩跟界線，可以一起存在。～你陪玩時最常喊哪一句？
33	熊熊與奧	315	328	哥哥妹妹原來可以協商	转述熊熊讓弟弟當哥哥、自己當妹妹，家長笑說原來可以商量。角色輩分為擬人化轉述，不當動物階級事實。	哥哥妹妹，原來還可以自己協商。～那次我轉述熊熊的意思：「弟弟一直想當哥哥，我就說，好啦，我是妹妹。」～媽媽聽完說，原來這個可以商量。～我還以為年紀寫在戶口名簿，牠們直接內部調整。～可愛的角色稱呼聽聽就好，相處舒服更重要。～你家誰最愛當老大？
34	阿蜜	818	848	公平也能被解讀成最愛我	阿蜜的轉述極有自信，家長明确表示每隻都稱讚，並非特別偏心；保留家長澄清。	有一種自信，連公平都能理解成最愛我。～那次我轉述阿蜜的意思：「媽媽最喜歡我，只是不能偏心，才表現公平。」～媽媽趕快澄清，每隻都有稱讚，是牠自信爆棚。～這個解讀，我差點要做筆記。～多寵家庭各有互動，不必把每次親近都變成排名。～你家誰最有主角氣場？
35	弟弟	124	132	貓咪把訪談轉給姐姐	阿玲認為弟弟聊天意願低而收尾，轉述牠生活已很好、聊天可找姐姐；家長笑著回應。聚焦尊重，不嘲諷沉默。	這隻貓的訪談，差點被轉接給姐姐。～那次我覺得弟弟不太想聊，就準備收尾。～我轉述牠最後的意思：「媽媽抱我就很好，要聊天可以找姐姐。」～好，連接替人選都幫我安排了。～不想一直互動，也可以被尊重，不用硬把聊天撐滿。～你家誰最像會議裡想先下線的人？
36	奶油	260	267	爸爸的摸摸邀請	爸爸說摸前會先問，希望奶油別躲；轉述奶油可以選擇走過去或走開，爸爸答應。	爸爸想摸毛孩，這次還先送出邀請。～那次爸爸說，以後摸之前會先問，可不可以不要躲？～我轉述奶油的意思：「可以的話我會走過去，不要就走掉。」～爸爸說，好。～這場協商，比我的行事曆邀請還清楚。靠近與離開，都留一點選擇。～你家會自己走過來討摸嗎？
37	蛙生	259	270	內心尖叫外表冷靜	家長承認見毛孩靠近時很興奮，對話建議心裡尖叫、外在冷靜，轉述願意窩一起但不一定躺身上。	貓靠近的時候，人類最難的就是不要太激動。～那次聊到窩在一起，我轉述蛙生希望媽媽別愛得那麼澎湃。～媽媽說，自己盡量。～我就說，可以內心尖叫，外表冷靜。～這根本在訓練家長的表情管理。開心沒問題，也留意牠當下的反應。～你忍得住不一直摸嗎？
37	蛙生	353	362	安靜的那隻不一定有心事	家長認同家中一隻活潑一隻穩重，轉述蛙生覺得妹妹太忙；不以此排除疾病或異常。	家裡一隻忙不停，另一隻就顯得特別安靜。～那次我轉述蛙生的意思：「是妹妹太愛瞎忙，我才沒有一直動。」～家長笑說，一個太活潑，一個很穩重。～同個客廳，像同時開著運動台跟休息畫面。～先認識各自平常的樣子，也留意跟平常不同的變化。～你家誰最忙？
38	花媽	11	21	想替貓安排也想先理解牠	中途家長照顧怕生花媽數月，猶豫送養方向，明確想尊重牠；本篇只敘述家長已表達的想法，不靠轉述決定安置。	有次家長問我一題，我覺得很值得留下來。～她照顧一隻怕生的中途貓好幾個月，看到牠慢慢有變化。～想幫牠找家，又怕自己的安排不合適。～她說，想尊重牠的想法。～那份想靠近又怕太急的心情，很像第一次交朋友。實際安排還是要看持續的照護觀察。～你也陪過慢熟的小朋友嗎？
39	圓圓	54	69	自信的證據都是媽媽給的	原對話圓圓轉述媽媽常稱讚可愛又帥，牠以此描述自己；選此段而非塑膠舔咬或醫療問題。	這隻貓的自我介紹，像媽媽親手寫的履歷。～那次我轉述圓圓說，自己又帥又酷，媽媽都說牠很帥。～你想想，每天有人在旁邊說：「怎麼那麼可愛，又那麼帥！」～換成我，走路也會有風吧。～我們日常說的話，也是陪伴的一部分。～你每天會不會重複同一句誇獎？
40	大和	410	424	你以為在陪牠玩	家長認同大和把遊戲解讀成陪媽媽玩，並笑說不知道該開心還是難過；不補造玩具內容。	你以為在陪毛孩玩，牠可能覺得自己在陪你。～那次聊天，我轉述大和的意思：「媽媽要有耐心，我已經有陪她玩了。」～家長笑說，不知道該開心還是難過。～原來這場親子活動，雙方都覺得自己在付出。～與其算誰陪誰，不如看看有沒有一起開心。～你家誰比較捨不得結束？
41	弟弟	124	214	最喜歡誰還可以改答案	同次對話先轉述最喜歡媽媽，後來因媽媽限制多而改選姐姐，家長笑。強調不把聊天排名当固定事實。	問最喜歡誰，答案居然還能中途修改。～那次我先轉述，弟弟最喜歡媽媽。～後面聊到媽媽常說不可以，牠的版本變成：「我選姐姐好了，她什麼都可以。」～家長直接笑出來。～這個排行榜也太即時。聊天裡的一句偏好，不用當成永久的愛的分數。～你家誰最好商量？
42	哩嚕	300	310	想請貓幫忙上班	家長确认上班前會說想當貓、要貓幫忙上班；轉述哩嚕拒絕，覺得看起來很累。	媽媽想跟貓交換人生，貓咪版本先拒絕。～那次我轉述，哩嚕知道媽媽常說想當牠，還叫牠幫忙上班。～媽媽說，對，尤其上班前。～我轉述的回答是：「我才不要，看起來就很累。」～好，代理人申請失敗。忙完也留一點真正相處的時間給彼此。～你也問過牠能不能養你嗎？
43	甘蔗	54	62	去公司最期待什麼	阿玲推測有人給香的食物，家長更正沒有，但牠會聞到並偷翻垃圾桶；腳本保留更正，不說同事餵食。	聊狗狗去公司，結果聊到便當的香味。～那次我猜，是不是有人給牠好吃的？～家長說沒有，但牠會趁午休翻垃圾桶。～欸，原來福利不是公司發的，是牠自己找的。～這句是我的吐槽。也提醒我，猜到一半要聽家長補充，別自己把故事補完。～你家也會追著香味走嗎？
44	喵喵	145	150	嘴上說玩具是小孩玩的	轉述喵喵說玩具是小孩子的東西，家長立刻指出其實很愛逗貓棒；不把轉述當確定人格。	有一種貓咪形象管理，遇到逗貓棒就破功。～那次我轉述喵喵的意思：「玩具？那是小孩子的東西。」～家長立刻說，牠明明很愛玩逗貓棒，只是在顧偶包。～我聽著都想替牠關麥克風。～一個形容未必說完牠，還是要看平常實際的互動。～你家也有這種反差嗎？
44	喵喵	297	306	貓室友催媽媽洗澡	轉述喵喵信任家長但催洗澡，家長笑說仍在樓下吃飯，沒臭到牠；以不同立場呈現。	那次聊到最後，貓室友還有一項生活提醒。～我轉述喵喵的意思，謝謝媽媽帶牠回家，但媽媽要趕快洗澡，不要一直拖。～家長回：「我還在樓下吃飯，沒有臭到牠！」～原本的感謝時間，突然變生活督導。～同住的親密，也藏在這些日常小摩擦。～你家誰最會催人？
46	球球	96	102	玩具給你是叫你繼續玩	家長確認球球愛拔河與搶玩具，對話描述人放手後牠還會把玩具推來。	有些狗把玩具交給你，完全沒有要下班的意思。～那次聊球球，家長說，牠很愛拔河，也愛你跟牠搶。～聊到你一放手，牠又把玩具推回來。～我聽著像在說：「你的休息時間結束了。」～玩具之外，牠也在參與跟你的互動。～你家會主動把玩具送到手邊嗎？
47	小麥	268	276	誰來家裡貓就變黏	那次轉述小麥偏愛媽媽，家長確認媽媽來就黏在身上；不貶低其他照顧者。	同一隻貓，換個人出現，黏度直接不同。～那次我轉述小麥很喜歡媽媽，還問阿文看不出來嗎。～家長說，看得出來啊，媽媽每次來，牠就黏在身上。～原來大家都知道，只有這場訪談還在確認。～每段關係有自己的相處方式，不用硬比。～你家誰一出現就自帶吸引力？
48	HAKU	163	171	再養一隻先問預算	媽媽提及可能添一隻緬因貓，轉述 HAKU 問養幾隻與賺錢負擔；媽媽回應總共三隻。	媽媽想再養一隻，聊天卻突然進入預算審查。～那次我轉述 HAKU 的意思：「媽媽想養幾隻？不是說要努力賺錢嗎？」～媽媽說，也就三隻啊。～這段我聽起來，像毛孩在當家裡的會計。～多一位家人，多一份時間與照顧，值得先想清楚。～你家誰負責踩煞車？
49	錢錢	142	153	帶回家前的擔心	家長描述初遇錢錢時緊張怕人又想靠近，家人後來同意照顧；不重述未證實的棄養原因或詛咒。	有些相遇，人跟狗都在心裡問怎麼辦。～那次聊錢錢剛來時，家長說，牠很緊張，想靠近又有點怕。～自己也一直想，接下來怎麼辦。～我聽著像兩邊都在準備新生活，誰也不是一開始就很熟練。～願意慢慢了解，本身就很重要。～你還記得第一次見到毛孩的樣子嗎？
50	水與同住毛孩	484	494	同一份食物評價差很多	家長說另一隻會挑會吐出食物，水則很快吃完；轉述水覺得魚很香，不泛化偏好。	同一份菜單，在多寵家庭可能拿到兩種評價。～那次家長說，一隻吃得慢，還會挑；另一隻稀哩呼嚕就吃光。～我轉述水的意思：「魚哪有臭，明明很香。」～這像同桌吃飯，一位美食評論員，一位清盤代表。～喜好可以不同，不必拿彼此當標準。～你家是哪一派？
51	米菲	93	102	安靜也是一種吸引力	轉述米菲喜歡較安靜的小姐姐與爸爸，家長笑問是否覺得自己吵；不把偏好寫成永久排名。	想被毛孩喜歡，有時候不用努力炒熱氣氛。～那次我轉述米菲喜歡小姐姐，理由是她最安靜。～家長笑著問：「是不是覺得我很吵？」～我差點以為在選圖書館最佳室友。～有人喜歡熱鬧，也有相處需要安靜；少做一點，未必少愛一點。～你家是熱情派還是安靜派？
52	15	184	197	小狗也加入感情協商	對話轉述 15 希望阿順對媽媽好，不要讓媽媽跑了，家長回應知道且請牠不用擔心。	那次寵物溝通，突然多了一位感情顧問。～我轉述小狗的意思：「要對媽媽好一點，不要讓媽媽跑了。」～家長說，知道了，請牠不用擔心。～我原本以為只是聊天，結果像在旁聽家庭提醒。～可愛的轉述之外，照顧關係還是人類自己的功課。～你家誰最像愛操心的那位？
53	誒哩 Allie 與嚕卡 Luka	335	342	兔兔的才藝比較	轉述誒哩認為同住兔只會吃，家長回應對方有才藝；轉述自己會跳，保留為幽默互動，不使用丟棄建議。	這次兔兔聊天，差點變成才藝競賽。～我轉述誒哩嫌另一隻只會吃。～家長馬上幫忙說話：「牠可是有你不會的才藝！」～我轉述的回應是：「我還會跳來跳去，牠追不到我。」～好，各位選手先冷靜。每隻有自己的長處，家裡不用選冠軍。～你家毛孩的強項是什麼？
55	咖皮	396	405	告白太熱情也會被吐槽	對話中媽媽熱情告白，轉述咖皮希望少愛一點，家長拒絕；最後轉述我也愛你，並有家長描述實際躺下。	跟貓告白，有時候會得到很淡定的回應。～那次家長熱情喊，好愛你。～我轉述咖皮的意思：「可以少愛一點點，沒關係。」～家長說，不管，就是很愛。接著我轉述：「好啦，我也愛你啦。」～這段像熱情粉絲遇到淡定偶像。愛的表達，也可以不一樣大聲。～你家是哪種組合？
56	屁顛	78	100	貓界的炫富方式	屁顛的轉述向窗外貓提起有罐罐和肉肉，家長笑稱另類炫富；不宣稱可驗證牠和窗外貓實際談話。	如果貓咪有炫富大賽，比的可能是罐罐。～那次我轉述屁顛的故事，是向別隻貓說，自己有很多罐罐，媽媽還會給肉肉。～家長笑說，這是另類炫富。～我腦中已經出現罐罐開箱頻道。～這是聊天裡的趣味轉述，真正的照顧也不只看買了多少。～你家最珍惜什麼？
57	滷味	399	408	肉麻告白還有後續行程	姐姐表達想給最好，轉述滷味鼓勵說愛並希望找男朋友跑跑；家長接話親一百個與安排時間。	有一種告白，感動完還會順便安排活動。～那次姐姐說，希望小狗平安快樂，給牠最好的。～我轉述滷味的意思，愛要說出來，不要害羞。～接著又提，記得帶牠去找人跑跑。～我還在感動，牠的行程表已經打開。說愛之外，也可以一起做喜歡的事。～你家最期待哪個活動？
58	庫里	270	280	回家先洗澡的提醒	家長說媽媽回來打招呼後不理，轉述庫里提醒快洗澡不要拖；家長以潔癖玩笑回應，腳本不作診斷。	有些人回家被催洗澡，催的人還可能是毛孩。～那次我轉述庫里希望媽媽快去洗澡，不要一直說等一下。～家長聽完笑說，原來還有這個意見。～我想像門口多了一位生活管理員。～這是有趣的轉述，也提醒我們看看回家後彼此的互動節奏。～你也會一路等一下到睡前嗎？
59	嘟嘟	16	22	打招呼的姿勢有講究	同聊天室較早另一場溝通，阿玲轉述嘟嘟希望像媽媽一樣躺下再打招呼；不把主觀感受當確定規則。	那次跟貓打招呼，我連姿勢都像要重新調整。～我先蹲下，當時轉述嘟嘟的意思卻是：「你躺下，我媽都躺下。」～我腦中瞬間出現一場很放鬆的訪談，主持人跟來賓都不坐正。～這是一次聊天的趣味感受。～真正接近牠，仍要看看現場反應。～你通常怎麼跟毛孩打招呼？
59	皮（原對話暱稱）	894	905	買衣服的是誰想穿	同一聊天室後段另一場景聊穿衣服，家長明說小狗討厭，仍覺得一起穿可愛；名字在選段未明確，保留待確認。	媽媽買衣服很開心，穿衣服的卻是另一位。～那次聊到小狗衣服，家長說，牠真的很討厭。～我轉述的意思是：「媽媽可以買自己的，為什麼一直買我的？」～媽媽說，一起穿很可愛啊。～這場時尚企劃，客戶好像還沒同意。拍照可愛之外，也看看牠舒不舒服。～你買過毛孩不領情的東西嗎？
62	皮蛋	279	286	喜歡陪伴但不一定想追逐	皮蛋的轉述喜歡慢慢散步而非被追著跑，家長說牠想妹妹陪又想獨占媽媽；不推論行為病因。	喜歡有人陪，跟想被追著跑，可以是兩回事。～那次我轉述皮蛋喜歡慢慢散步，不太想參加其他狗的追逐。～家長也聊到，牠想有妹妹陪，又想黏媽媽。～像我想跟朋友聚會，但不一定想報名路跑。～陪伴可以有不同玩法。～你家偏好慢慢走，還是到處探索？
63	大福	178	187	家長心裡的小問號	轉述大福對生活滿意，家長坦言第一次養大狗比較操心；不使用健康無事的轉述作醫療保證。	第一次養大狗，家長心裡的小問號也很大。～那次爸爸一直想確認，大福喜不喜歡現在的生活。～我轉述的意思是，吃的很好，每天很快樂。～爸爸說，第一次養大狗，總是比較操心。～我懂，那種怕自己做不夠的心情。把擔心化成每天具體的照顧就好。～你最常擔心哪一件小事？
64	寶寶	137	150	叫你過來是要摸摸	家長確認寶寶大叫後人靠近會變小聲碎念，轉述是在叫媽媽摸；不將所有叫聲歸因討摸。	這次聊到的叫聲，很像家裡的服務鈴。～我轉述寶寶的意思，牠一叫，媽媽就會跑來問怎麼了。～接著小小聲說，只是要媽媽摸一下。～家長說，真的，後面會變成可愛的碎念聲。～這段很可愛，但每次叫聲還是要看當下情境。～你家叫你過去，通常想做什麼？
68	跳摳	199	210	話題一轉到點心	跳摳的轉述先談喜歡家人，再聊雞蛋糕與其他點心；只作對話情緒轉折，不提供餵食建議。	有些聊天的重點，轉得比我打字還快。～那次我轉述跳摳很喜歡姐姐，姐姐也回說很愛牠。～下一題聊到雞蛋糕，轉述突然變成：「喜歡！香！」～我剛準備感動，畫面就切到美食頻道。～這是聊天趣事，想吃什麼跟適不適合吃，要分開看。～你家聽到哪個詞會特別有反應？
71	賓賓	325	331	先摸姐姐原來是回家路線	轉述以為媽媽偏先摸姐姐，家長更正是先上樓放髒衣服打招呼再下樓抱賓賓；保留更正避免下偏心定論。	「媽媽先摸姐姐」，聽起來像偏心，後來才知道還有前情。～那次我轉述這個想法，家長補充，自己先上樓放髒衣服，順便打招呼，再下樓抱牠。～原來愛的排名，差點輸給回家動線。～一個畫面不一定是全部，先把前後問清楚。～你回家第一件事是什麼？
72	香香	423	468	媽媽和小狗都愛看帥哥	對話轉述母女都喜歡帥哥，家長認有喜歡的明星，但對特定人選否認且說只是滑到；腳本不指名。	那次聊小狗的喜好，媽媽也一起被點名。～我轉述香香的意思：「媽媽也喜歡看帥哥啊。」～家長笑著承認有喜歡的男明星。～不過後面猜到某個人，家長說，沒有，只是滑到。～所以笑歸笑，猜錯的地方也要留下。～你有沒有滑到一支影片，就被誤會成粉絲？
73	饅頭	111	123	浴室門口的小小等候者	對話轉述饅頭覺得姐姐洗澡太久，家長說原本以為迎接而感動；不宣稱守門的普遍原因。	毛孩在浴室門口等，你是不是也會偷偷感動？～那次我轉述饅頭的版本，牠是覺得姐姐在裡面太久，不知道忙什麼。～家長笑說，平常都白感動了。～我想，這也算有人關心你的洗澡進度吧。～同一個等待，可以有不同解讀，不必急著定案。～你家也有浴室小警衛嗎？
74	埔里	210	241	媽媽明明知道還要問	已確認試稿來源，家長確認零食桶與逗問魚魚的互動，並說不能每天都給；將健康細節留在完整原文，不當笑點。	有一隻貓，討零食討到，連溝通師都覺得多餘。～媽媽說，牠會坐在零食桶上，還問牠：「要吃魚魚嗎？」～我當時轉述的是：「媽媽明明知道，根本不用姨姨翻譯！」～我差點以為自己在主持零食記者會。～知道牠想吃，跟要不要給，是兩回事嘛。～你家也有這種討吃儀式嗎？
74	埔里	380	388	懶懶的媽媽遇到懶懶的貓	另一段對話转述埔里覺得媽媽與自己都懶所以很配，家長繼續接話；不當人格事實。	媽媽跟貓合不合，這次的理由很出乎意料。～我轉述埔里的意思：「媽媽很懶，我也很懶，所以我們很配。」～我聽完只想說，原來共同興趣也可以是什麼都不想做。～這是聊天裡的可愛說法。舒服的陪伴，有時候不用把每分鐘排滿。～你們最像彼此的地方是什麼？
75	Kimchi 泡菜	520	525	一起進步但也等等別人	轉述泡菜希望媽媽別給自己太大壓力，提到大家一起進步但等等爸爸；媽媽回應會努力。以敘述者溫和幽默而非責備父親。	那次聊天，有一句話讓我一邊笑一邊心軟。～我轉述泡菜的意思：「我們都有一起進步，只是要一起等爸爸一下。」～媽媽說，知道了，會努力。～這句像家庭進度報告，但沒有要誰交滿分考卷。～照顧是一起學，不需要每次都責怪自己不夠好。～你最近學會哪件毛孩小事？
76	噗咪	647	660	翻滾不代表要你摸	家長以自己的話說噗咪會在腳邊滾但不給摸，後續討論親近與觸摸不同；不搬用聊天中未查核行為表格。	貓在腳邊滾來滾去，你的手就自動伸出去了嗎？～那次家長形容噗咪：「我滾我的，你不可以摸我。」～我聽到真的笑了，原來有些可愛是觀賞席，不是互動區。～至少這次，家長觀察到牠並不想被摸。～別急著把靠近當成同意，看看牠接下來的反應。～你也遇過這種邀請誤會嗎？
78	Pinkie	41	54	開場就被嫌有狗味	阿玲轉述 Pinkie 嫌自己有狗味，家長說她不太喜歡狗；阿玲說剛起床有嚕狗。明確是溝通經驗而非氣味隔空驗證。	那次溝通，我一開場就被嫌棄。～我轉述 Pinkie 的第一個意思：「你身上有狗味。」～家長笑說，牠不太喜歡狗。～我也只能承認，自己剛起床先嚕了狗。這個開場，實在太有畫面。～分享的是我的溝通經驗，大家可以保留自己的理解。～你家也有很鮮明的好惡嗎？
79	炸雞	248	254	爸爸回家摸一下就去忙	轉述炸雞希望爸爸多摸多說話，家長補充他摸一下就去打電動；只取陪伴落差，不取責罵焦慮片段。	「爸爸回家很忙」，後來多了一個補充說明。～那次我轉述炸雞希望爸爸多摸摸、多說話，因為他摸一下就去做別的。～媽媽補一句：「去打電動了。」～我突然不知道這個忙字要怎麼翻譯。～忙自己的興趣沒問題，也留一小段專心陪伴吧。～你家回家後誰最容易分心？
80	雪寶	297	302	最喜歡的玩具有條件	問玩具偏好時轉述雪寶喜歡會掉肉肉的，家長說有顆球以前裝零食如今沒裝；不討論疾病與餵食。	問最喜歡的玩具，牠的條件非常明確。～那次我轉述雪寶的答案：「會掉出小肉肉的玩具。」～姐姐說，家裡有一顆球，以前會裝，現在沒裝了。～我聽著像有人買了飲料機，發現只剩展示功能。～玩具的外形之外，互動方式也很重要。～你家喜歡玩，還是喜歡裡面的獎勵？
81	葉啤酒 嚕嚕	438	448	貓咪也想保留自己的空間	轉述嚕嚕認為自己長大想少被管，借媽媽與長輩互動比喻；家長回應謝謝，不泛化心理。	那次聊天，貓咪的發言讓我有點熟悉。～我轉述嚕嚕的意思：「媽媽開心就好，但可以不要管那麼多嗎？我也長大了。」～還拿媽媽不想被長輩管來舉例。～這段根本像家裡的青春期會議。～親近之外，也可以留一點各自舒服的空間。～你家毛孩什麼時候最想自己待著？
84	Uni U寶	49	58	下雨天的出遊提案	家長確認雨天等雨停，轉述 U寶在家有點無聊，家長提出坐車吹風；不重述未查核疾病風險。	下雨天，家長和小狗都在等一個放晴通知。～那次媽媽說，會等雨停再出去。～我轉述 U寶在家有點無聊，媽媽就問：「那坐車吹風可以嗎？」～像臨時把戶外行程改成備案小旅行。～不一定每次都照原計畫，也可以找彼此合適的活動。～你家雨天都怎麼打發時間？
85	荳荳	244	255	一起耍廢也很快樂	家長認自己愛耍廢、毛孩也喜歡，轉述荳荳跟媽媽一起待著很開心；不拿伴侶愛不愛作客觀評判。	有次聊天，媽媽和小狗的共同興趣超一致。～我轉述荳荳很喜歡跟媽媽一起耍廢。～媽媽直接承認，自己真的太愛耍廢，還好小狗也喜歡。～這份默契不用訂餐廳，沙發有位置就行。～陪伴不必每次排滿節目，有時候一起安靜待著就很舒服。～你們最常一起待在哪裡？
86	ㄋㄞ	41	48	喜歡的可能是互動方式	轉述ㄋㄞ喜歡輕鬆拍一下的招呼、不喜歡被抱來抱去；避免將性別直接當偏好的原因。	家長問，牠是不是比較喜歡男生？～那次聊下去，我轉述ㄋㄞ提到的差別，其實是有人愛抱來抱去，有人經過輕輕打招呼就好。～我聽著像在說，社交可以，流程短一點。～與其先用性別分類，也看看每個人實際怎麼互動。～你家喜歡熱情迎接，還是點到就好？
87	Gucci 古蹟	249	258	家裡來了新生兒	家長說小寶寶會哭，古蹟比較冷靜；轉述牠想讓姐姐不要太累。輕柔處理新家庭成員。	家裡來了小寶寶，毛孩版本像多了一位資深同事。～那次我轉述古蹟覺得寶寶不懂事，要像自己一樣，別讓姐姐太累。～家長說，寶寶會哭，牠倒是很冷靜。～我只好在心裡說，新人還在適應啦。～迎接新成員，也記得照顧原本毛孩的生活節奏。～你家最淡定的是誰？
88	糰糰	379	388	玩具清單之外的願望	家長列出髮圈羽毛小老鼠，轉述糰糰更喜歡妈妈说话摸摸，家长回覆只想聊天；不建議使用髮圈作玩具。	媽媽準備很多玩具，這次答案卻不在購物清單。～那次家長問，哪個玩具最喜歡？～我轉述糰糰的意思：「我喜歡媽媽跟我說話，摸摸我。」～媽媽笑說，原來只是想聊天。～我看著都覺得，購物車可以先放一邊。陪伴有時很簡單，不一定再買一個。～你們有固定聊天時間嗎？
108	財姊（原文稱財）	184	194	家裡四張床還是躺地板	家長說地上至少四個床，仍說牠愛地板與沙發；不推論確定舒適原因。	家裡至少四張床，這位住客還是選地板。～那次聊休息位置，媽媽說，床真的有買，至少四個。～接著又說，牠就是愛地板跟沙發。～我覺得自己像在聽旅館老闆介紹空房。～我們準備得很認真，牠的選擇也值得觀察，不必急著再下單。～你家最常空著的是哪張床？
108	財姊（原文稱財）	388	392	媽媽要不要帶我上班	同聊天室另一情境轉述財姊希望媽媽想帶就帶，不要一直想；不描述實際後續。	想帶毛孩上班，家長有時候比毛孩還猶豫。～那次我轉述財姊的意思：「媽媽想帶就帶啊，不要再想了。」～我聽著像行程還沒決定，來賓已經準備出發。～這是聊天片段，真的要同行，還得看工作場所和實際狀況。～把期待跟安排分開想，會清楚一些。你家適合陪你上班嗎？
109	吉吉	451	460	不用跟著別人一直買	轉述毛孩對生活滿意，不用因他人購物而比較，家長回覆開心就好；不將滿意轉述等同健康評估。	有次聊天，最想留下的話跟購物車有關。～我轉述毛孩的意思：「不用跟著大家買什麼，才算對我們好。」～家長聽完說，開心就好。～我腦中的購物車，突然可以先冷靜一下。～分享這段，是想提醒自己，照顧也包括時間和注意，不只新東西。～你最常忍不住買哪一類？
110	金酷與鐵支	287	298	拍照還有小小監工	轉述金酷嫌鐵支拍照想睡，家長笑說像阿伯且要叮；笑點是擬人化的工作態度，不強迫動物拍攝。	拍照這件事，有的毛孩看起來比人還認真。～那次我轉述金酷嫌另一隻拍照時一直想睡。～姐姐笑說，這比較像阿伯，還得盯一下。～我聽著像攝影棚多了一位小小監工。～這是有趣的轉述，真的累了就休息，照片下次再拍。～你家誰最容易拍到一半放空？
111	哭摟	42	48	邊吸狗邊嫌掉毛	轉述家長喜歡抱揉毛孩又打噴嚏嫌掉毛，家長確認很愛在地板揉牠；不給過敏醫療建議。	有一種家長，嘴上嫌掉毛，手卻完全不想放。～那次我轉述哭摟的意思，媽媽很愛抱住牠揉一揉，然後打噴嚏，再嫌牠掉毛。～家長說，對，自己超愛揉牠。～我聽完只想說，這位媽媽真的很誠實。～喜歡互動，也記得留意雙方舒服不舒服。～你也會邊清毛邊想抱嗎？
123	咖啡	185	197	全家都想知道牠愛不愛自己	媽媽提及姐姐一直想知道被不被愛，後段轉述姨姨姨丈喜歡咖啡，媽媽确认有感受到；不補造單獨出遊事實。	有時候約寵物溝通，真正排隊提問的是整個家。～那次媽媽先說，姐姐一直想知道小狗有沒有愛她。～後面聊到姨姨姨丈，我轉述咖啡知道他們很喜歡自己。～我像在受理全家的關係查詢。～愛不一定要搶第一，平常的相處也有答案。～你家誰最常問牠愛不愛我？
124	屋逆	121	127	可愛不等於摸摸通行證	轉述屋逆不喜歡陌生人未先確認就摸，家長參與討論；不把毛亂作唯一行為原因。	小狗長得可愛，不代表摸摸自動開放。～那次我轉述屋逆的意思：「我沒有說可以摸，還會弄亂我的毛。」～我聽完很有畫面，這位朋友連髮型都要保護。～笑歸笑，靠近陌生毛孩之前，先問家長，也看看牠願不願意。～你家比較愛打招呼，還是想保留距離？
125	閃電	362	371	我只是想找姐姐玩	轉述閃電否認欺負姐姐、想邀玩，家長補充當天有衝康姐姐；保留雙方說法，不淡化衝突。	同一場互動，家長跟毛孩版本差很多。～那次媽媽提醒，不要常欺負姐姐。～我轉述閃電的意思：「我哪敢，我只是想叫姐姐陪我玩。」～媽媽馬上補充，今天才在鬧姐姐。～這場家庭小法庭，兩邊都要聽。想玩是一回事，對方想不想也很重要。～你家有熱情過頭的小朋友嗎？
126	茶茶	154	160	前天才回家怎麼算很久	轉述茶茶覺得姐姐較少回家，家長回應前天才回去；保留客觀日期和感受落差，不判定哪方想法必然正確。	多久沒見，才叫很久？這次兩邊的答案不同。～我當時轉述茶茶覺得姐姐最近比較少回家。～姐姐馬上說：「我明明前天才回去！」～我聽著像一邊翻日曆，一邊在算想念。～這是我的趣味解讀，不能確定牠怎麼想，但日期跟感受可以分開聊。～你也說過「不是才見過嗎」？
127	饅饅	417	426	最喜歡一起趴著的時光	轉述饅饅喜歡和小姐姐一起趴著，家長說以後常抱；聚焦已表達的陪伴，不推論健康。	最喜歡的行程，有時候就是一起趴著。～那次我轉述饅饅很喜歡姐姐在沙發上，自己趴在她身上的時光。～姐姐感動到打錯字，還說以後要常常這樣抱。～這個約會地點，連導航都不用開。～留一點不趕時間的陪伴，也看看牠是不是同樣舒服。～你們最喜歡一起待在哪裡？
