編號,LINE帳號,毛孩,日期,主題,估計秒數,Word檔
R007-02,10/17 11-12禪～Marina,索妮亞,2026/07/05,聊刺蝟聊到我肚子餓,25,R007-02_聊刺蝟聊到我肚子餓.docx
R011-02,9/10 9PM-奕如,哈魯,2026/09/10,室友的吸貓習慣被點名,26,R011-02_室友的吸貓習慣被點名.docx
R011-03,9/10 9PM-奕如,哈魯,2026/09/10,廁所裡面和外面只差一個屁股,26,R011-03_廁所裡面和外面只差一個屁股.docx
R016-02,Yü。,威風,2026/08/02,阿嬤一打掃全家都有份,27,R016-02_阿嬤一打掃全家都有份.docx
R018-02,Sophie,豆豆,2026/07/30,外婆只敢用指尖偷偷摸,26,R018-02_外婆只敢用指尖偷偷摸.docx
R018-03,Sophie,豆豆,2026/07/30,兔子的晚間表演有固定觀眾,28,R018-03_兔子的晚間表演有固定觀眾.docx
R026-02,ANN,茶米,2026/07/19,吃完飯還以為自己會洗碗,27,R026-02_吃完飯還以為自己會洗碗.docx
R026-03,ANN,茶米,2026/07/19,爬山團的成員逐一對上,25,R026-03_爬山團的成員逐一對上.docx
R030-02,盧卡媽媽,盧卡,2026/04/24,散步少一半被當場說中,27,R030-02_散步少一半被當場說中.docx
R030-03,盧卡媽媽,盧卡,2026/04/24,媽媽躺著丟球反而比較好玩,27,R030-03_媽媽躺著丟球反而比較好玩.docx
R034-02,Alice,腿腿,2026/05/16,睡中間要接受兩面注目禮,27,R034-02_睡中間要接受兩面注目禮.docx
R037-03,Guava,蛙生,2026/07/10,爸爸做家事媽媽負責和聲,26,R037-03_爸爸做家事媽媽負責和聲.docx
R039-02,Wendy,圓圓,2026/07/06,連衛生紙包裝都聊到了,26,R039-02_連衛生紙包裝都聊到了.docx
R040-02,XIN BEI,有希,2026/06/21,貓咪的搬家回憶是窗外風景,26,R040-02_貓咪的搬家回憶是窗外風景.docx
R041-02,Livia,弟弟,2026/07/02,傳承的兔子抱枕白天晚上兩種用法,26,R041-02_傳承的兔子抱枕白天晚上兩種用法.docx
R047-02,喬文,小麥,2026/06/24,同一隻貓兩種招呼聲,26,R047-02_同一隻貓兩種招呼聲.docx
R048-02,Ivy,HAKU,2026/06/17,媽媽熱情開場貓咪繼續躺著,26,R048-02_媽媽熱情開場貓咪繼續躺著.docx
R059-03,龐宇文 Jennifer,嘟嘟,2026/05/01,海鮮口味裡真的有雞肉,27,R059-03_海鮮口味裡真的有雞肉.docx
R059-04,龐宇文 Jennifer,皮,2026/06/07,家長突然出一道飼料口味題,26,R059-04_家長突然出一道飼料口味題.docx
R064-02,黃至玟,寶寶,2026/06/06,睡前那句呼喚被認出來了,26,R064-02_睡前那句呼喚被認出來了.docx
R071-02,ᴬᴺᴺᴬ,賓賓,2026/05/03,家裡的毯子都是媽媽鋪好的,27,R071-02_家裡的毯子都是媽媽鋪好的.docx
R079-02,沛君,炸雞,2026/05/10,阿公的手為什麼又伸出去了,26,R079-02_阿公的手為什麼又伸出去了.docx
R080-02,薇Wei,雪寶,2026/05/10,爸爸餵食時的辯解被複述,26,R080-02_爸爸餵食時的辯解被複述.docx
R085-02,元喬,荳荳,2026/05/09,爸爸打電動耳朵就關機,27,R085-02_爸爸打電動耳朵就關機.docx
R109-02,吉可媽媽,吉吉,2026/05/01,沙發對上了但主人換了,26,R109-02_沙發對上了但主人換了.docx
R111-02,Super ·ꙫ·,哭摟,2026/05/01,媽媽叫爸爸散步的音量被確認,25,R111-02_媽媽叫爸爸散步的音量被確認.docx
R125-02,電塔媽媽,閃電,2026/04/26,晚餐後的流程被一口氣說中,27,R125-02_晚餐後的流程被一口氣說中.docx
R127-02,饅饅媽媽,饅饅,2026/04/25,兩位姐姐的零食份量不一樣,26,R127-02_兩位姐姐的零食份量不一樣.docx
R033-02,顥Haoᰔᩚ,熊,2026/07/13,媽媽黏小狗爸爸去清尿墊,26,R033-02_媽媽黏小狗爸爸去清尿墊.docx
R058-02,珮綺,庫里,2026/06/07,爺爺的出遊職務越聊越多,26,R058-02_爺爺的出遊職務越聊越多.docx
