編號,LINE帳號,毛孩,對話日期,主題,估計秒數,Word檔
R003-01,10/1 21-22 Kwan,Stitch,2026/07/09,貓咪比媽媽還怕麻煩別人,26,R003-01_貓咪比媽媽還怕麻煩別人.docx
R007-01,10/17 11-12禪～Marina,索妮亞 Sonia,2026/07/05,刺蝟的理想行程,25,R007-01_刺蝟的理想行程.docx
R008-01,9/7 8:30PM-琬珺,花與毛毛,2026/09/07,當哥哥會多吃一點嗎,27,R008-01_當哥哥會多吃一點嗎.docx
R008-02,9/7 8:30PM-琬珺,毛毛,2026/09/07,摸貓還要顧髮型,24,R008-02_摸貓還要顧髮型.docx
R011-01,9/10 9PM-奕如,哈魯,2026/09/10,玩累的原來是家長,25,R011-01_玩累的原來是家長.docx
R012-01,9/6 8PM-Alison,娜娜,2026/09/06,感動中突然聞到鹹酥雞,27,R012-01_感動中突然聞到鹹酥雞.docx
R013-01,9/4 8PM-林淑錦,球球,2026/09/04,最喜歡誰不能只看一個動作,24,R013-01_最喜歡誰不能只看一個動作.docx
R015-01,芮芮,尼莫,2026/08/10,連摸貓都用問句的人,23,R015-01_連摸貓都用問句的人.docx
R016-01,Yü。,威風,2026/08/02,大家喜歡我的證據,24,R016-01_大家喜歡我的證據.docx
R018-01,Sophie,陳豆豆,2026/07/30,媽媽這項要求做不到,25,R018-01_媽媽這項要求做不到.docx
R019-01,黃愉庭 Gai,阿橘,2026/07/29,出門上班被理解成打獵,27,R019-01_出門上班被理解成打獵.docx
R020-01,arri,Skippy,2026/05/14,到底是誰陪誰玩,26,R020-01_到底是誰陪誰玩.docx
R022-01,Vivian 🌻,大谷,2026/07/11,賣玩具這句話要說清楚,25,R022-01_賣玩具這句話要說清楚.docx
R025-01,Su,黑糖,2026/07/22,小狗不接受臨時加任務,26,R025-01_小狗不接受臨時加任務.docx
R026-01,ANN,茶米,2026/07/19,全家出遊有人只想待陰影,25,R026-01_全家出遊有人只想待陰影.docx
R028-01,Asher     🌷,胖丁,2026/07/21,媽媽愛梳毛可以梳自己,26,R028-01_媽媽愛梳毛可以梳自己.docx
R029-01,糖,吉吉,2026/07/18,有一種愛不太會說甜話,25,R029-01_有一種愛不太會說甜話.docx
R030-01,盧卡媽媽,盧卡,2026/04/24,家裡的粉絲關係,26,R030-01_家裡的粉絲關係.docx
R031-01,Sheena,味噌,2026/07/05,陪玩還是上課,25,R031-01_陪玩還是上課.docx
R033-01,顥Haoᰔᩚ,熊熊與奧,2026/07/13,哥哥妹妹原來可以協商,25,R033-01_哥哥妹妹原來可以協商.docx
R034-01,Alice,阿蜜,2026/07/12,公平也能被解讀成最愛我,26,R034-01_公平也能被解讀成最愛我.docx
R035-01,筱薇,弟弟,2026/07/11,貓咪把訪談轉給姐姐,26,R035-01_貓咪把訪談轉給姐姐.docx
R036-01,于凱丞,奶油,2026/07/11,爸爸的摸摸邀請,25,R036-01_爸爸的摸摸邀請.docx
R037-01,Guava,蛙生,2026/07/10,內心尖叫外表冷靜,25,R037-01_內心尖叫外表冷靜.docx
R037-02,Guava,蛙生,2026/07/10,安靜的那隻不一定有心事,25,R037-02_安靜的那隻不一定有心事.docx
R038-01,星言 Chloe Lai,花媽,2026/05/05、2026/05/13,想替貓安排也想先理解牠,28,R038-01_想替貓安排也想先理解牠.docx
R039-01,Wendy,圓圓,2026/07/06,自信的證據都是媽媽給的,25,R039-01_自信的證據都是媽媽給的.docx
R040-01,XIN BEI,大和,2026/06/21,你以為在陪牠玩,26,R040-01_你以為在陪牠玩.docx
R041-01,Livia,弟弟,2026/07/02,最喜歡誰還可以改答案,25,R041-01_最喜歡誰還可以改答案.docx
R042-01,Verna,哩嚕,2026/07/05,想請貓幫忙上班,26,R042-01_想請貓幫忙上班.docx
R043-01,Cathy宥宥,甘蔗,2026/06/30,去公司最期待什麼,26,R043-01_去公司最期待什麼.docx
R044-01,Hsin,喵喵,2026/05/28,嘴上說玩具是小孩玩的,25,R044-01_嘴上說玩具是小孩玩的.docx
R044-02,Hsin,喵喵,2026/05/28,貓室友催媽媽洗澡,25,R044-02_貓室友催媽媽洗澡.docx
R046-01,J,球球,2026/06/25,玩具給你是叫你繼續玩,24,R046-01_玩具給你是叫你繼續玩.docx
R047-01,喬文,小麥,2026/06/24,誰來家裡貓就變黏,26,R047-01_誰來家裡貓就變黏.docx
R048-01,Ivy,HAKU,2026/06/17,再養一隻先問預算,25,R048-01_再養一隻先問預算.docx
R049-01,薇雅,錢錢,2026/06/21,帶回家前的擔心,26,R049-01_帶回家前的擔心.docx
R050-01,蘇蘇,水與同住毛孩,2026/06/20,同一份食物評價差很多,25,R050-01_同一份食物評價差很多.docx
R051-01,邱珮甯,米菲,2026/06/20,安靜也是一種吸引力,25,R051-01_安靜也是一種吸引力.docx
R052-01,15順,15,2026/05/29,小狗也加入感情協商,26,R052-01_小狗也加入感情協商.docx
R053-01,呀呀晃/芝芝,誒哩 Allie 與嚕卡 Luka,2026/06/18,兔兔的才藝比較,25,R053-01_兔兔的才藝比較.docx
R055-01,安,咖皮,2026/06/11,告白太熱情也會被吐槽,25,R055-01_告白太熱情也會被吐槽.docx
R056-01,AnnLin 앤,屁顛,2026/06/06,貓界的炫富方式,25,R056-01_貓界的炫富方式.docx
R057-01,陳雅雯,滷味,2026/06/10,肉麻告白還有後續行程,26,R057-01_肉麻告白還有後續行程.docx
R058-01,珮綺,庫里,2026/06/07,回家先洗澡的提醒,27,R058-01_回家先洗澡的提醒.docx
R059-01,龐宇文 Jennifer,嘟嘟,2026/05/01,打招呼的姿勢有講究,26,R059-01_打招呼的姿勢有講究.docx
R059-02,龐宇文 Jennifer,皮（原對話暱稱）,2026/06/07,買衣服的是誰想穿,27,R059-02_買衣服的是誰想穿.docx
R062-01,🌸熱蠟闆娘RUBY®,皮蛋,2026/06/07,喜歡陪伴但不一定想追逐,25,R062-01_喜歡陪伴但不一定想追逐.docx
R063-01,黃瀚陞💫,大福,2026/06/07,家長心裡的小問號,27,R063-01_家長心裡的小問號.docx
R064-01,黃至玟,寶寶,2026/06/06,叫你過來是要摸摸,25,R064-01_叫你過來是要摸摸.docx
R068-01,淇淇💜,跳摳,2026/06/03,話題一轉到點心,26,R068-01_話題一轉到點心.docx
R071-01,ᴬᴺᴺᴬ,賓賓,2026/05/03,先摸姐姐原來是回家路線,24,R071-01_先摸姐姐原來是回家路線.docx
R072-01,蔡承妤,香香,2026/05/21,媽媽和小狗都愛看帥哥,25,R072-01_媽媽和小狗都愛看帥哥.docx
R073-01,林芳羽,饅頭,2026/05/16,浴室門口的小小等候者,26,R073-01_浴室門口的小小等候者.docx
R074-01,庭,埔里,2026/05/16,媽媽明明知道還要問,25,R074-01_媽媽明明知道還要問.docx
R074-02,庭,埔里,2026/05/16,懶懶的媽媽遇到懶懶的貓,25,R074-02_懶懶的媽媽遇到懶懶的貓.docx
R075-01,Wynn,Kimchi 泡菜,2026/05/16,一起進步但也等等別人,26,R075-01_一起進步但也等等別人.docx
R076-01,黃水母,噗咪,2026/05/15,翻滾不代表要你摸,27,R076-01_翻滾不代表要你摸.docx
R078-01,Livia,Pinkie,2026/05/10,開場就被嫌有狗味,26,R078-01_開場就被嫌有狗味.docx
R079-01,沛君,炸雞,2026/05/10,爸爸回家摸一下就去忙,25,R079-01_爸爸回家摸一下就去忙.docx
R080-01,薇Wei,雪寶,2026/05/10,最喜歡的玩具有條件,26,R080-01_最喜歡的玩具有條件.docx
R081-01,Unknown,葉啤酒 嚕嚕,2026/05/10,貓咪也想保留自己的空間,26,R081-01_貓咪也想保留自己的空間.docx
R084-01,小丸子,Uni U寶,2026/05/09,下雨天的出遊提案,25,R084-01_下雨天的出遊提案.docx
R085-01,元喬,荳荳,2026/05/09,一起耍廢也很快樂,26,R085-01_一起耍廢也很快樂.docx
R086-01,蘇🖤,ㄋㄞ,2026/05/09,喜歡的可能是互動方式,25,R086-01_喜歡的可能是互動方式.docx
R087-01,Liya💕,Gucci 古蹟,2026/05/08,家裡來了新生兒,26,R087-01_家裡來了新生兒.docx
R088-01,糰糰媽媽,糰糰,2026/05/07,玩具清單之外的願望,26,R088-01_玩具清單之外的願望.docx
R108-01,Emily🌸,財姊（原文稱財）,2026/05/01,家裡四張床還是躺地板,25,R108-01_家裡四張床還是躺地板.docx
R108-02,Emily🌸,財姊（原文稱財）,2026/05/01,媽媽要不要帶我上班,26,R108-02_媽媽要不要帶我上班.docx
R109-01,吉可媽媽,吉吉,2026/05/01,不用跟著別人一直買,25,R109-01_不用跟著別人一直買.docx
R110-01,金酷姊姊,金酷與鐵支,2026/05/01,拍照還有小小監工,25,R110-01_拍照還有小小監工.docx
R111-01,Super ·ꙫ·,哭摟,2026/05/01,邊吸狗邊嫌掉毛,25,R111-01_邊吸狗邊嫌掉毛.docx
R123-01,咖啡媽媽,咖啡,2026/04/26,全家都想知道牠愛不愛自己,26,R123-01_全家都想知道牠愛不愛自己.docx
R124-01,屋逆媽媽,屋逆,2026/04/26,可愛不等於摸摸通行證,25,R124-01_可愛不等於摸摸通行證.docx
R125-01,電塔媽媽,閃電,2026/04/26,我只是想找姐姐玩,26,R125-01_我只是想找姐姐玩.docx
R126-01,薯泥媽媽,茶茶,2026/04/25,前天才回家怎麼算很久,26,R126-01_前天才回家怎麼算很久.docx
R127-01,饅饅媽媽,饅饅,2026/04/25,最喜歡一起趴著的時光,27,R127-01_最喜歡一起趴著的時光.docx
